LogRend_SIP500,LogRend_USD/MXN
0.006378433,-0.007531825
0.004020543,-0.002283112
0.007009146,-0.006911018
0.001660964,0.000944574
0.001302084,0.002734923
-0.001112846,0.000951503
0.007009026,-0.002475694
0.006726926,-0.009536124
-0.003530713,-0.014847259
0.009371006,-0.001902903
-0.001617697,-0.006967133
0.004375648,0.001808236
0.008034364,0.004674219
0.002172005,-0.00184484
-0.000560133,-0.00743221
0.000602439,0.004008648
0.011771638,-0.007171493
-0.006754736,0.006543626
-0.010958643,0.009002387
0.000488866,-0.009577902
-0.000648298,-0.013764497
-0.021436681,0.013199432
-0.041842541,0.012801143
0.017290573,-0.010397747
-0.005014138,0.008379892
-0.038259052,0.004839728
0.014825645,-0.009553168
0.013818666,-0.005450911
0.002609522,0.002482367
0.01331344,-0.004259325
0.011996862,-0.002826914
0.0003734,0.000128642
-0.005858517,0.010658924
-0.005511664,0.007176131
0.000973077,-0.012510153
0.015901278,-0.004514676
0.011688439,0.007729171
-0.012788311,0.008812479
-0.011157806,-0.000207177
-0.013413966,0.000948812
0.005058785,-0.001841125
0.010971618,-0.00125868
0.002635383,0.003470214
-0.000483992,-0.008077724
0.004453148,-0.003927815
0.017229547,-0.001289431
-0.001274797,-0.001350339
-0.00638391,0.001274046
-0.00574097,-0.001457037
-0.000782236,0.00616213
0.001701998,-0.00067979
-0.014306041,0.001214782
0.001480709,0.002489256
-0.001845692,-0.01615366
-0.025484887,0.012414282
-0.021189807,-0.008812507
0.026795041,-0.009900754
-0.017427286,0.002875657
-0.002920919,-0.003213418
0.013675777,-0.008405195
-0.022590682,0.00314893
0.012535961,-0.00012287
0.011500102,0
0.006839421,-0.006842109
-0.022164067,0.006564392
0.003330995,0.004667894
0.016588599,0.001515481
-0.005540686,-0.005064292
0.008216899,-0.002470348
-0.0028908,-0.001231955
0.008076337,-0.006524374
0.010605072,-0.00339191
0.00083102,0.001804807
-0.005742582,0.002850332
-0.008573177,0.02032119
5.62E-05,0.003958652
-0.013470888,0.021717046
0.001835374,-0.006098346
0.010380144,0.001851932
0.001113005,-0.004690879
-0.008221193,-0.006487557
0.002545802,0.003219609
-0.007231951,0.01267001
-0.002256218,0.008168084
0.01272981,-0.002354635
0.003451981,0.010892897
-0.000265677,0.008821291
0.009635648,0.006337573
0.009327012,0.000951046
0.001706139,-0.017024353
0.0008831,0.00546923
-0.006865655,0.012035374
0.00405234,0.004729161
-0.000856239,-0.005444553
-0.002635665,0.009468087
0.007359605,0.007121957
-0.003140689,-0.003336396
0.003243145,-0.003090033
-0.002025263,-0.006500053
-0.002360003,-0.003469264
-0.011631573,0.001003743
0.012615875,0.012874935
-0.006903333,-0.003263893
0.0107908,0.006466954
0.004469595,0.001953498
0.000702346,0.006043731
0.008530901,0.016343028
-0.000714444,-0.004930263
0.003121029,0.006096593
0.001068137,-0.00451115
0.001741867,0.01152941
-0.004034255,0.006336382
0.002468501,-0.00183324
-0.00101762,0.00888348
-0.002128391,-0.00750367
-0.004031518,-0.006457042
0.00171069,-0.00191422
-0.006365729,-0.007384435
0.001860203,-0.00241949
-0.013819723,-0.013872055
0.002202151,-0.006244993
-0.008641586,0.000843137
0.00615968,0.011585757
0.000758116,-0.021335216
0.003063261,0.003289204
-0.004959629,0.008536665
0.008583857,-0.027426389
0.008445518,-0.008861861
0.008784291,-0.009992827
0.003467249,0.006098539
-0.007119486,-0.008683052
0.008710992,0.002453319
0.001078656,-0.004675956
-0.001028665,-0.003574196
0.003965824,-0.003657604
0.002158182,0.002746703
-0.003960827,0.00024358
-0.000948898,0.007706294
0.001836362,-0.000760402
0.004769519,-0.006257987
0.009060435,-0.002526624
-0.003036903,-0.010637348
-0.006583835,-0.001222848
-0.005770789,-0.001380249
0.004872837,-0.004099411
-0.001040893,0.007221866
0.00491435,-0.004015089
0.004633432,0.002358766
0.003531983,-0.003513274
0.002820202,-0.00226762
-0.000262414,-0.004505842
-0.001442715,0.000775016
-0.007139312,0.014196427
-0.004014038,0.018323157
0.00636893,0.003298556
-0.007631209,-0.013201721
0.007888215,0.015983989
0.003317606,-0.009242977
0.002425075,-0.006825777
0.0020664,0.006617434
-0.000398231,-0.003150191
-0.001692694,-0.009356471
0.006179706,0.012646666
0.007641141,-0.012633352
0.000269242,0.001732913
0.005685242,0.014039198
-0.004440172,-0.00735155
0.000134468,0.009127475
-0.001655692,0.00442795
-0.002807063,0.009519425
-0.003658991,-0.001612118
-0.002215798,-0.005412077
0.001896028,0.004221897
0.003732866,-0.002498763
0.000356608,-0.003321195
0.005268352,-0.009140827
0.000275444,-0.010407652
-0.005585291,0.002381689
0.005354653,0.002356977
0.001252488,-0.00696096
0.007810014,-0.001736651
-0.000368601,0.004266928
-0.003521882,0.000438973
-0.001305948,0.006437481
-0.0032947,0.000497082
0.002759476,-0.006679326
-6.87E-06,-0.003314943
0.003634492,-0.005989215
-0.000396769,0.001791205
0.000711267,0.004224609
-0.008203035,0.012977553
-0.005543315,0.003702608
-0.000395195,-0.017847052
-0.00141891,0.009449877
-0.033416389,0.00254645
-0.02078758,0.009021661
0.014106235,-0.009848147
-0.005922482,-0.005759011
0.021267828,-0.002488906
-0.000252694,-0.003620252
-0.014496491,0.006034952
-0.000361235,0.014466274
-0.004308797,0.007272151
-0.005527076,0.005807776
-0.031350774,-0.00535291
0.018453718,0.015872121
-0.017479138,-0.005926466
-0.006581208,-0.005763953
0.015545323,0.034658616
0.010792879,0.000433729
0.010502499,0.012556442
-0.006336721,-0.007574224
0.005584694,-0.007532611
0.006239788,-0.007116495
0.020987079,-0.008187024
-0.002512069,0.007774147
-0.009241586,0.015185998
-0.019898151,-0.003139174
-0.001483019,0.012444864
-0.007596189,0.005032328
0.010538033,-0.003270928
0.002220838,-0.006994482
-0.016783161,-0.005283435
-0.018317996,0.011257241
0.003038669,-2.46E-05
-0.00657642,-0.003733461
0.015412976,0.005538659
0.003256384,0.009244481
0.022714051,-0.006738294
-0.002185495,-0.008927401
0.008137548,-0.002409949
0.010882002,-0.003174422
-0.032900229,0.008566597
-0.001523388,0.008523037
-0.023596335,-0.008550146
0.001760603,-0.002925482
-0.00035641,0.002015274
0.005404871,-0.006706151
-0.00019995,-0.006334332
-0.019271212,0.010951166
-0.020992285,-0.006562245
8.64E-05,-0.003501649
-0.015515459,-0.000670896
-0.015897809,0.001442862
-0.02080312,-0.010865211
-0.027486573,0.002644956
0.048403178,0.001853565
0.008526229,-0.003233557
-0.001242354,-0.010658124
0.008456626,-0.001883111
0.001267693,-0.000869324
-0.025068332,-0.001050024
0.033759399,-0.000163242
0.006985976,-0.011419441
0.009648587,-0.000891981
0.004089671,-0.001898056
0.004508241,-0.006332111
-0.000146309,-0.003920511
-0.005271395,0.00042593
0.010664619,-0.008674393
0.002219521,-0.00010968
0.007562731,-0.004777473
0.013096913,0.006035411
-0.014258477,0.007959655
0.00220049,0.000271514
0.00137478,-0.006805544
0.008452868,-0.00048371
-0.007877776,-0.001286785
-0.001457308,0.002561397
0.01542961,0.002796363
0.008560649,0.000755027
0.000898207,-0.000637741
0.006753381,-0.000319523
0.00469737,0.000424309
-0.002226916,-0.003709376
-0.009401193,0.004447466
0.000675973,-0.00183425
0.000708852,-9.49E-05
0.012807853,0.011263194
0.003019432,-0.002372115
-0.002655163,0.008852319
0.010820005,-0.008033719
0.001497621,-0.00079263
0.001775534,-0.005319915
-0.003532669,0.004018342
0.006390639,0.002911243
0.001231104,-0.007582883
-0.00079077,-0.000397331
-0.000544197,0.00334207
-0.002829508,-0.001070218
0.006871657,0.005111464
-0.003888107,0.000129804
-0.001132173,0.001463804
-0.006545474,-0.001868717
-0.008158911,0.004755609
-0.002133964,0.010467421
0.014559536,-0.0035659
0.002948966,-0.004729611
0.006925547,-0.003143938
-0.000868399,-0.002089565
0.004972519,0.00044307
0.003699097,-0.004945186
-0.00013057,-0.007685411
-0.002948697,-0.003252496
0.010794015,-0.010345756
-0.019156827,0.002709269
-0.000839373,0.014046729
0.007157053,-0.005299958
-0.004655143,0.003805421
0.003583055,0.01434278
0.006711706,-0.000958376
0.011502196,-0.000822324
1.75E-05,-0.008838977
0.002146072,0.002960276
0.002082465,8.17E-05
0.004625718,-0.003694639
0.001046912,-0.004475436
-0.006085976,-0.004068861
0.003471838,-0.003698369
3.81E-05,-0.005695633
0.006587578,0.000558162
-0.000629567,-0.003157489
0.000509228,0.005408267
-0.002276401,0.000344611
0.001577847,-0.003387555
0.001011506,-0.001825932
0.008802351,0.003106855
-0.002194169,0.00409765
-0.000369042,0.008685461
0.00467435,-0.002395317
0.001070949,-0.004957944
0.000950965,0.003680729
-0.007530446,-0.003176324
-0.002126245,0.002349629
0.009592127,0.006851099
-0.004481013,-0.00289747
-0.016649488,-0.003432284
-0.001606715,0.002489469
-0.003025999,0.001614238
0.003713394,0.008085411
-0.024426469,-0.00535195
0.007983988,0.004372574
0.005821994,-0.003301125
0.008855957,-0.00432412
-0.005854437,0.002012513
-0.006772258,0.001642734
0.008459949,-0.004416242
-0.014814085,-0.003339622
0.001352644,0.002525431
-0.00841095,0.001165831
-0.00693591,0.006810894
0.002096273,-0.002491187
-0.013283205,0.020153478
-0.002769071,0.00458663
0.021205927,0.009564758
0.008128727,-0.012012274
0.006116841,0.009278212
0.010442979,-0.003802846
0.00464922,-0.020290578
-0.000349941,-0.003880171
-0.002039658,-0.005133799
0.004089011,0.002806652
-0.001612812,0.001111151
0.000931315,-0.002594543
0.00967049,0.001817424
0.002980717,-0.002264866
0.009427605,-0.006055074
-0.001260016,-0.000973847
-0.001733388,0.005785064
-0.009541776,0.005005024
-0.001234696,0.001202716
0.003815886,-0.004239421
0.005740942,0.001887257
0.007643019,-0.001871609
0.002923847,-0.001940526
0.007643096,-0.002930938
-0.001807534,-0.002111087
-0.004847173,-0.000470528
0.001235793,-0.003248735
0.004500547,0.011926982
0.00228262,-0.001669387
0.004609534,-0.003205101
0.000175854,-0.004188618
-0.003409585,-0.001137768
-0.006552665,0.006495782
0.003575598,-0.001661977
-0.006195889,-0.005324288
0.002824702,0.002944516
0.006824145,0.001398088
0.004677193,0.006763077
-0.005276296,-0.005755173
0.007360536,-0.001690965
-0.001617422,0.000250189
-0.002581985,0.000826702
-0.010945207,0.000456737
-0.009039528,0.004246905
-0.007309389,0.003849142
-0.030230182,0.006647712
0.012933024,0.017523794
0.000766582,-0.004299341
0.018588462,0.001857358
-0.006638593,-0.010478807
-0.012393809,-0.000105546
0.015018346,0.008146618
-0.029730352,-0.010561799
0.002461237,0.014137818
0.014323058,-0.002856268
0.012033176,0.001208479
-0.007946215,0.012700439
0.00821298,-0.006188279
-0.000506203,-0.003987582
-0.026288881,0.006475564
0.010923113,0.010280434
-0.003208322,-0.003425095
0.006524152,0.001909361
0.012607482,0.008246645
0.000642581,-0.000924013
-0.006923009,0.000181421
0.010783725,-0.008170233
0.012925913,-0.013872838
0.000910191,0.001015473
-9.40E-05,-0.008385964
0.000322252,0.000734612
0.007203672,-0.003252424
0.002875016,0.000379499
-0.000724677,-0.003642634
-0.003140513,-0.001565902
0.002578425,0.001251897
0.000342633,-0.003589884
2.00E-05,0.002265813
-0.004907599,0.001674105
-9.69E-05,-0.000530254
-0.008451989,0.002936135
0.006139685,-0.002071376
-0.002431871,0.006732891
-0.005330535,0.004590596
0.00503491,0.001101766
-0.012334127,0.002847752
-0.018065404,0.003489309
0.007940305,-0.001015454
0.014116785,-0.006625898
-0.004488352,-0.00675197
-0.01568316,0.002563222
0.009063297,0.002770701
0.006395202,-0.002055612
0.01087958,-0.007698727
-0.001388082,-0.006535445
0.009906445,-0.002008931
-0.002001545,-0.002010396
0.002759022,-0.001860712
-0.003927046,-0.000787002
0.006848114,-0.003243006
-0.003575049,0.00021438
0.002843103,0.00098741
0.001918605,-0.002044293
0.00406443,0.000852978
0.00556582,-0.004119801
-0.000832752,0.003716958
0.003248089,-0.00015701
-0.003027439,-0.000747658
0.009615931,0.007611474
0.003697246,-0.008026438
-0.001186403,0.004334371
0.000702251,0.000985533
0.002726375,-0.001883294
0.002557403,-0.001520704
-0.001964395,-0.000632904
0.001563423,0.000104597
0.000711282,0.009747516
0.000836693,0.003440875
0.007666029,-0.002715703
0.000503026,-0.005915193
-0.00059277,0.00614765
-0.003763256,0.002138262
-0.001584006,0.00572576
0.002172574,-0.004264384
0.007479252,-0.002161067
0.002193164,0.005163748
0.004165736,0.003191024
-0.004019286,-0.00081285
-0.008668484,0.002280468
-0.006660225,0.001945782
0.006303658,-0.001252439
0.001499127,-0.006074767
0.009094246,-0.003510845
-0.003167834,-0.005606326
-0.001097536,-0.001286211
0.002903938,0.001034373
0.008538667,-0.00774955
7.26E-05,-0.006265178
0.007122361,0.002746216
0.000335236,-0.005162509
-0.000432394,-0.000984871
0.004449379,0.003058662
0.004932596,-0.003510659
0.000865769,0.001706673
-0.000195467,-0.000359052
0.005115062,0.000929142
3.40E-05,-0.001246101
-0.005797596,-0.005328873
0.002941691,0.004758173
0.008343895,-0.000999559
-0.007084909,-0.003631181
0.003527145,0.006060101
-0.002807175,-0.005468127
0.004890473,0.006493726
0.006633214,-0.007951712
-0.002859262,0.001105031
0.006951994,-0.001975954
-0.001515681,-0.000400167
0.00186845,0.000196906
0.008331747,-0.000590836
0.003854723,-0.00104934
-0.0026555,-0.00584236
0.000289034,0.005650418
0.001140326,-0.003149435
-0.009083289,0.002605635
-0.015855752,0.006024655
0.010003384,0.001562779
-0.00086725,-0.008929741
0.003129457,-0.00225368
-0.017864444,0.005279922
0.007228426,0.004547991
0.014869316,-0.002760536
0.011187779,-0.007635499
0.003320155,-0.00449229
-0.005415491,0.002798981
0.00729969,0.008576408
0.001687049,-0.005202239
0.006441853,-0.00325077
-0.001631776,-8.58E-05
0.001841836,-0.002433138
-0.002924214,-0.002428379
0.004694748,0.002097527
-0.003822817,-0.002092078
-0.010573809,0.015899811
-0.034088079,0.008469652
-0.030747904,0.001518788
-0.003785697,0.001228422
-0.045168136,0.011819679
-0.008272463,0.008896552
0.045010869,0.01853978
-0.028510485,-0.021317081
0.041336349,0.001369836
-0.034510782,0.004395516
-0.017200944,0.015117882
-0.079010413,0.060842797
0.048215052,-0.011716077
-0.050102893,-0.001097508
-0.099944852,0.029723042
0.088808407,0.025384113
-0.127652197,-0.007245513
0.058226313,0.035688836
-0.053222272,0.015785975
0.004696761,0.029571544
-0.044327624,0.016607881
-0.029731501,0.028713226
0.089683233,0.023561881
0.01146899,-0.022653486
0.060543831,-0.03118945
-0.034267846,-0.032641129
0.032966591,0.015267736
-0.016142311,0.010053282
-0.045146363,-0.003446571
0.022572657,0.019369567
-0.015252861,0.000816071
0.067968244,0.041491005
-0.001604339,-0.028899007
0.033489371,-0.009449049
0.01438347,-0.013545374
-0.010156059,-0.02267379
0.03011456,0.005885334
-0.022276733,-0.00950862
0.005799838,0.036860432
0.026440932,-0.019959249
-0.018042846,0.011151676
-0.031155115,-0.000663241
0.022671301,0.014795085
-0.000539568,0.004532391
0.013822091,0.011666111
0.014606868,0.0088137
-0.00525617,-0.009494265
0.026236704,-0.01901217
-0.009255143,-0.022555563
-0.028460211,0.019697718
0.004240823,0.025290031
0.008999935,-0.030428269
-0.00700388,-0.004856112
0.011438956,0.018760513
0.016730795,-0.016736946
0.000133069,-0.01666292
-0.020713366,0.012409008
-0.017616997,0.018358374
0.011458918,-0.007315527
0.003918675,-0.013922834
0.031015209,0.003461748
-0.010539748,-0.008505574
0.016513991,-0.002782513
-0.007803968,-0.020054085
0.002350946,-0.014124385
0.012214285,-0.014298404
0.014718447,-0.014902802
-0.002110139,0.004464201
0.004800794,-0.005054131
0.003744216,-0.000748049
0.008177307,-0.006326812
0.013556671,-0.014559424
-0.003374389,-0.000138119
0.025874013,0.008329489
0.011969656,-0.019715056
-0.007829743,-8.85E-05
-0.005327256,0.019116196
-0.060752693,0.004083043
0.012976287,0.039159485
0.008277861,-0.016149162
0.018784853,-0.014921892
-0.003606796,0.005121488
0.000594043,0.003235994
-0.005665514,0.014883236
0.006474093,-0.001540176
0.004298169,-0.010763776
-0.026195266,-0.000444256
0.010899828,0.017757608
-0.024525204,-0.004877101
0.014578888,0.016412689
0.015292349,8.11E-05
0.005009564,-0.002260939
0.00453097,-0.012814046
0.015756931,-0.014464568
-0.010877478,-0.003331343
0.007796986,0.021360434
-0.005659591,-0.005318413
0.01041181,-0.00305694
-0.009406645,-0.00506535
0.013317301,0.009796982
0.009041057,-0.013914214
-0.003411915,-0.003479916
0.002844563,0.00417981
0.008371797,0.003598316
0.001677629,-0.000174702
0.005730631,-0.008562677
-0.012396378,0.003285204
-0.00620964,0.00481759
0.007367929,-0.008533427
-0.006494435,-0.015878882
0.012351783,-0.000123129
-0.003757302,0.001781112
0.007641236,0.001041652
0.007155363,0.011984944
0.003605423,0.016268167
0.00640916,0.000119362
0.006407126,-0.011411738
0.000632829,0.001394095
0.002738465,7.90E-05
-0.008001055,0.002339666
0.013899502,-0.002037068
-0.002049273,-0.003150653
-0.000171897,-0.008405538
0.002706178,-0.009998398
0.00230074,0.00947015
-0.004414123,-0.000492416
0.003153655,0.001963137
0.0034352,-0.003907944
0.009993615,-0.00584054
0.0035899,0.000606859
0.010144001,-0.00356985
0.001671646,0.001650679
0.006710003,0.009169964
-0.002197375,-0.017456003
0.007496831,0.007450333
0.01524905,-0.007661875
-0.035757594,-0.000846527
-0.008166281,-0.00129878
-0.028148829,-0.004827582
0.019944761,0.012801687
-0.017741246,-0.022443233
0.00053293,0.002318822
0.012661335,-0.00792196
0.005205786,-0.009576669
-0.004629647,0.003658179
-0.00844795,-0.007732014
-0.011245577,-0.004129754
-0.011638564,0.010430368
0.010463016,0.010979789
-0.024007339,0.01532645
0.002983006,0.032495861
0.015850439,-0.011316866
0.015982192,0.007691344
-0.004824283,0.001779285
0.008219843,0.001091203
0.00527895,-0.013132569
-0.009623813,-0.010784971
0.017813109,-0.011497945
-0.014072064,-0.010789584
0.017247164,0.01509755
0.007978213,-0.011054397
0.008755095,-0.004388734
0.01628253,-0.009753369
-0.006326892,0.002376063
-0.006645172,0.006328405
-0.001528924,-0.000342753
0.00013491,-0.00197466
-0.016464664,-0.009218181
0.004716195,0.005601018
-0.002198114,-0.005420871
0.005205354,0.002683085
0.003439838,-0.009266208
-0.018764473,-0.002473283
-0.003030205,0.00293085
-0.035925542,0.002644379
0.011876525,0.010237911
-0.012203713,0.00516664
0.012242951,-0.003338799
0.017642738,0.004572485
0.021807526,-0.015857881
0.019273266,-0.004827675
-0.000287757,-0.008582456
0.011631975,-0.0113937
-0.001400775,-0.009059296
0.007622728,-0.000649366
-0.010028652,0.006972964
0.013518547,0.006766943
0.011580735,-0.012626457
-0.004803444,-0.004176335
-0.011631211,0.000963944
0.003938676,0.00163528
-0.006815737,-0.003910565
0.005620108,-0.007275845
0.016032459,0.000738008
-0.001585675,-0.00380941
0.002394111,0.000198762
-0.004606141,0.000447761
0.011208141,0.006145813
0.001789565,-0.006611096
-0.000624352,-0.001816553
0.008797464,-0.00467261
-0.001937513,-0.005957664
0.002783271,0.005546477
-0.007980965,-0.00579933
-0.001285935,0.005049958
-0.001265798,0.005748162
-0.004368788,0.004347611
0.012838482,0.007464837
0.001771226,-0.014939779
0.005741143,-0.002866331
-0.003517297,-0.002506245
-0.003913928,0.013651067
-0.002075245,-0.005566383
0.000745533,0.006056912
0.00353035,-0.002734523
0.008684708,-0.008979347
-0.002229865,0.006849772
0.001340648,-0.00356779
0.006418205,-0.002214631
-0.014864763,-0.002184277
0.007057631,0.004772557
0.005693603,-0.002020291
0.01473826,-0.012459413
0.005476837,0.017366332
-0.006576328,0.002516331
0.000415702,0.000593894
0.002273056,-0.013446883
-0.003760513,0.002115513
-0.007216001,-0.005712848
0.008103458,-0.001405435
0.013839417,-0.003033204
0.000316673,-0.002600095
-0.003015153,0.00773361
0.003609318,0.010374105
-0.001489943,0.008104742
-0.026013315,-0.005829842
0.009713299,0.017025746
-0.019500378,-0.003906933
0.0159243,0.012416925
0.013802529,-0.006709947
0.001008261,-0.01138022
0.010794848,0.00294538
0.00388992,0.009368686
0.007372107,-0.013620476
-0.001114145,-0.000413774
-0.000345245,-0.000956453
0.001661075,-0.002720388
0.004699971,-0.003150815
-0.000569435,-0.000850756
-0.000320453,0.013752077
-0.004425614,-0.000642982
-0.001856619,0.004723008
-0.007762893,0.008786291
0.00125553,0.012349551
0.011287668,-0.011090072
-0.024783394,-0.006637687
-0.004761532,0.025836281
0.023512173,-0.005819148
-0.008113679,-0.006540961
-0.013152336,-0.002453819
-0.013508038,0.016972709
0.019308356,0.008425836
-0.005373643,0.005751124
0.014055401,0.011097307
0.006012204,-0.014229929
0.010341826,-0.013623061
0.001014883,-0.013831662
0.00647094,0.004674022
-0.001570917,-0.002169712
0.002875245,-0.003266152
-0.01487056,-0.011548876
-0.000602886,0.005930978
0.007000557,0.008599015
-0.007660118,-0.004142536
-0.005482337,0.011237552
0.005226583,0.003602156
0.016494419,-0.009621886
-0.00086839,-0.002444551
-0.003162829,-0.001219707
0.003615954,-0.001523901
0.01175583,-0.007165002
0.014334988,-0.006082378
-0.000974005,2.52E-05
0.001474146,-0.006485731
0.004211751,0.001824428
0.007690288,-0.005574777
-0.000196098,0.003053705
0.003289072,-0.000792945
-0.004096104,-0.003826282
0.011033101,0.000924472
0.003602323,-0.007503908
-0.00532069,-0.000883175
-0.006825561,-0.005277946
0.009263021,0.006717788
-0.009253338,-0.003032618
0.01086941,0.002330515
0.001780685,-0.004044767
-0.000214919,0.000305282
-0.000845898,0.008723773
0.006740042,-0.007059904
-0.007220713,0.006645455
0.002744322,0.008528184
-0.006700737,-0.000396266
0.000703216,0.000302102
0.008132299,0.002831994
0.007346291,-0.008234275
-0.010490481,-0.009640469
-0.00871175,0.001032513
-0.021682782,0.002544814
0.012099645,0.008892083
0.014807779,-0.009558034
-0.002533258,-0.004018002
-0.008553772,-0.005505725
-0.002947752,0.004371735
0.010499429,0.004279507
-0.000784188,-0.002219936
0.009862497,0.00243808
-0.002127545,-0.00318245
0.001875058,0.001598767
0.001164636,-0.001759821
0.000768586,0.004070597
-0.000492455,-0.001723196
0.001445889,0.002191706
-0.003635303,-0.003332025
0.008795303,0.012269344
-0.000797056,-0.009804455
0.00017501,-0.006110722
-0.001825533,-0.006088366
0.004641455,0.001430305
0.001946539,-0.00137348
0.001813556,0.008475282
-0.00201372,0.003626908
-0.005404704,0.003913457
-0.000435811,0.018634326
-0.013211356,0.000628264
0.013905164,0.010299189
0.005111406,-0.005648251
-0.001083871,-0.008155221
0.00579443,-0.007076882
0.003325063,-0.01743023
0.002312289,-0.001951835
0.000277298,0.000452657
0.001327278,-0.000710172
0.005208041,0.006609825
0.007472096,0.003788771
-0.002023903,-0.00929841
0.003353347,0.009376378
-0.008597881,-0.003065922
0.011214826,0.001537668
0.003445233,-0.006043896
-0.003523011,-0.001678105
0.001164257,0.010775225
-0.003267574,-0.007072612
-0.007567415,0.001428081
-0.015996781,-0.00126478
0.015048806,0.006704681
0.008208042,0.004876279
0.002014639,0.000550663
0.010094332,-0.002205707
0.002379367,-0.002213626
-0.004723583,-0.001696517
-0.000186279,-0.003511898
0.004197332,-0.002021696
-0.005420714,-0.00313837
-0.001844506,0.000720062
0.008169961,0.001810493
-0.004643151,-0.001966525
0.005987486,0.004911709
0.001673865,-0.001611427
-0.00094035,0.007077304
0.000992187,3.52E-06
0.001274931,3.14E-05
0.004137808,-0.007049971
0.001606016,0.001097227
0.002617422,-0.004706444
-0.007085744,0.001127385
-0.010806653,0.005890475
0.001255903,0.002072633
0.008108604,0.006375175
0.008487668,0.010570112
0.001494619,-0.003122942
0.002217657,-0.005520135
-0.00584195,0.000494789
0.008769072,0.007412085
0.004297324,-0.009977676
-0.001350027,-0.001243122
0.00031164,-0.003962754
0.002838606,-0.00308815
-0.000335087,-0.001771692
-0.003401352,-0.003726495
-0.001319437,0.001994157
-0.004616247,-1.50E-05
-0.007752552,-0.000296088
0.0022739,-0.002820054
-0.005763214,-0.0001762
0.008438294,0.001775746
-0.001552345,-0.00265721
-0.00915263,0.00482847
-0.017123078,0.003901475
-0.000812689,0.005004863
0.009474585,0.000484993
0.01206168,-0.0020858
0.001459943,-0.001687073
-0.002780244,2.99E-05
-0.020574318,0.001793648
0.001567954,0.01188896
-0.011981203,0.008392298
0.011425952,0.005559815
-0.013070952,-0.009611747
0.010469517,0.004076307
0.004094399,0.00334048
0.008264039,-0.000617546
-0.001915557,0.004689466
-0.006889442,0.0033361
-0.002419706,0.005958614
0.003017956,-0.00321904
0.016919162,-0.01095007
0.007432521,-0.000579136
0.003369088,-0.009528326
0.007366143,0.002478813
0.003657334,-0.008636268
0.002991393,-2.96E-05
-0.001073129,0.003539417
0.004736959,-0.005152884
0.001818141,-0.000911817
-0.00506437,0.001308534
0.009781288,0.005327648
0.001947437,0.003618243
0.001798459,0.008516765
0.003673607,0.013862683
0.006440495,-0.002849575
0.004173222,-0.012035389
0.00372585,0.000691385
0.000887394,-0.008460706
-0.003504911,-0.001957966
-0.008259842,-0.000678915
0.000550788,0.014037848
0.007196698,0.001456312
-1.07E-05,-0.005453762
0.003857779,0.003434428
-0.002605015,0.007690673
0.003379065,-0.005236845
-0.001399645,0.005511507
-0.003202258,0.004869712
0.001655761,0.006348684
0.002291224,0.012863606
-0.022987011,0.016740944
0.013113836,0.004848484
-0.019143381,-0.002248376
-0.011885541,-0.012484863
0.014094638,0.002787501
-0.008484455,-0.007621743
0.011662599,-0.004116658
0.020495603,0.000127172
0.003080536,-0.00925406
-0.007206988,-0.004881538
0.009503769,0.001189232
-0.009178158,-0.003557512
-0.007498723,0.005603087
0.016216267,0.010674656
-0.008781863,-0.008790217
-0.010340965,-0.010216827
-0.011453398,0.000475364
0.017621755,-0.003554206
0.010128728,0.003227704
0.006204413,-0.005398172
0.013744052,-0.004995412
-0.001010665,0.003700531
0.001400913,-0.001035101
-0.002994234,-0.005055802
-0.002629634,-0.00482238
0.006353824,0.001099106
-0.00062982,0.000214816
-0.019583264,0.001755721
-0.000964234,0.002029922
-0.004058441,-0.003439166
-0.001442071,-0.005020546
0.009118286,-0.001583877
0.002813792,0.001585841
-0.014346029,-0.001357452
0.000819644,-0.001434055
-0.018559105,-0.002174641
-0.009736791,0.005372595
-0.011098742,0.004973192
-0.019095995,0.001473027
0.002767905,-0.004029844
-0.012246591,0.006127418
-0.001497757,0.001610978
-0.005398635,0.005246578
0.024055968,0.002507067
0.018709826,0.002961784
0.00683956,-0.009798688
0.0093784,-0.003895904
-0.024693472,0.002697655
0.005143678,-0.001778181
-0.003708581,0.004318521
0.008366113,-0.003531113
0.014412842,0.000816977
-0.018281824,-0.005343964
-0.019151683,0.003379648
-0.003847991,-0.002277154
0.015643718,-0.004958533
0.00088082,-0.00123504
-0.021400504,-0.00478979
-0.007191962,0.000256269
-0.010194735,0.001545337
-0.018583736,-0.001407359
0.014846105,-0.003094224
0.022126081,0.0162606
-0.002445591,0.000474977
-0.015594468,-0.005480374
0.018471047,0.008875231
-0.005268521,-2.67E-05
-0.007965685,-0.000153024
-0.029962587,0.015856089
-0.007260044,0.015900664
0.025373598,0.002673739
-0.00430105,-0.021634493
-0.013046279,0.000325758
-0.007448675,-0.001171801
0.02118263,0.000615458
0.022136922,-0.004208312
0.012272205,-0.008778316
0.011594814,-0.00566827
-0.000434755,-0.006501528
0.0112407,3.69E-05
-0.01234863,-0.00539682
0.014242012,-0.002249889
0.005053381,-0.007958819
0.007119551,-0.001803152
0.012182044,0.003045759
-0.006313589,-0.006273625
-0.015776335,-0.00438956
0.003404421,-0.000148449
0.008058383,-0.000901049
-0.012631159,-0.002419131
-0.009764434,0.008709301
0.004244366,0.008911047
-0.002654547,-0.001545789
-0.017021335,-0.003257595
-0.003423301,-0.006144454
0.011112603,-0.006977011
-0.01221848,-0.00212262
-0.000204889,0.009684139
0.015930045,-0.007970073
-0.000618666,0.011197876
-0.014862856,-0.002220991
-0.028132076,0.010506049
0.005681765,0.002343091
-0.028550009,-0.00086043
0.002095849,0.008164613
0.024445655,-0.000393614
-0.03695916,0.003381241
0.005659199,-0.001170868
0.004825465,0.001508402
0.029425222,-0.008256742
-0.036300678,-0.011994707
-0.005690384,0.008766676
-0.03256152,-0.001901446
0.002454882,0.009236398
-0.016600232,0.000826626
-0.001296805,-0.002979302
0.023589268,-0.007262124
-0.003954209,-0.004045309
0.01996892,-0.003598113
-0.041233809,-0.004184806
-0.005850865,0.004379627
0.000146131,-0.004976728
0.018384995,-0.003730106
-0.008153951,0.003446983
0.009406386,-0.003785664
0.019688166,-0.001235469
0.02444113,-0.00335099
-0.006294135,-0.011231389
-0.007510905,0.005994967
0.018263225,0.003268126
-0.016482406,-0.009437132
0.003132489,0.000886478
0.009478332,0.000515611
-0.010852623,0.001093757
-0.024086458,0.000531045
-0.029542415,0.004543729
-0.039539932,0.017289966
-0.003780818,0.02209926
0.014487059,0.004575418
-0.033052207,-0.016600934
0.002198447,0.00861904
0.024182475,-0.006329693
-0.00130242,-0.00650905
0.009487072,-0.004354684
0.03010554,-0.001977083
-0.0029775,-0.005881363
-0.020348673,0.00051974
-0.000711999,0.012170091
-0.008797866,-0.00080647
0.010498511,-0.001362578
0.001582875,0.008196505
0.003566796,0.012478285
0.014853723,0.005742913
-0.000830616,-0.007152095
-0.011594418,-0.001528424
-0.009286868,0.012553665
-0.004466864,0.006985747
-0.003003139,-0.003632538
0.019019232,0.000725492
-0.008398742,-0.014830731
0.027253518,-0.002665982
0.005878494,0.003650918
0.009813067,0.0010862
-0.009376287,0.005437384
0.001314303,-0.005802633
-0.011610343,-0.004094086
0.025820049,0.000146603
0.01206032,-0.003938505
0.014107776,-0.004530878
-0.002827077,0.004589764
-0.006684688,0.000441576
0.015517456,0.020751625
-0.000777642,-0.01540858
-0.001627069,-0.008281063
-0.001238317,0.004795684
-0.004257744,-0.008892857
0.021067158,-2.97E-05
-0.000705723,-0.01117382
0.017174047,-0.004100287
0.003961684,-0.00399986
0.001873923,-0.002285823
-0.007264115,0.004796545
0.00226699,0.003353582
-0.012983929,0.007967987
-0.021632366,0.002921255
-0.00224037,-0.003083197
0.002911917,-0.007141238
0.013993242,-0.004065634
-0.034268576,0.000828718
-0.006688675,0.007437506
-0.011089416,-0.004144565
-0.007847738,0.007105114
0.002991752,0.002944913
-0.010794553,-0.00097935
-0.004103465,-0.010031932
0.018174849,0.008275019
0.006588967,-0.007463901
0.015156015,-0.002420115
0.010528651,-0.00373939
-0.044199163,-0.001465361
0.003381289,0.010129026
-0.011382272,-0.004016727
-0.00720805,0.006464767
0.006833698,-0.002531928
-0.011336115,-0.006366683
-0.017264674,0.003671084
-0.008463294,0.003388301
-0.017382829,-0.006250701
-0.010394361,0.014555731
-0.002122611,0.007859734
0.019481144,-0.000103656
-0.021352795,-0.009058674
-0.015181352,-0.002996341
0.025554578,-0.000356331
0.030125341,-0.005517356
-0.002019988,-0.002076942
-0.010297923,0.003430552
-0.028403197,0.003303915
-0.007520673,-0.003503583
-0.006540518,-0.004478376
-0.0032962,0.006262073
0.025634259,-0.004613515
-0.023947121,0.000125187
0.026135525,0.002010387
0.011362768,-0.00220567
-0.006694455,0.002355552
-0.007982687,0.005405789
0.02344776,-0.004214578
0.01181194,-0.005516426
0.01613577,-0.001224917
-0.00741514,-0.002086759
-0.006101185,0.003839747
0.024328037,-0.005163995
-0.007482327,-0.001014066
-0.004109664,-0.001363197
-0.025319844,-0.00345666
-0.010642423,-0.002360172
0.013526823,-0.000413184
0.009568062,-0.005449966
0.005582283,-0.00616619
-0.020996785,0.004849616
0.053952516,0.001252127
0.009198312,-0.012685603
-0.008975941,0.010245756
0.008675376,-0.00902007
-0.008286283,0.000103453
-0.003094105,-0.000406478
0.004747296,0.003436883
-0.00389125,0.002229417
0.013488606,0.004536364
0.005897266,-0.004602681
-0.000283084,-0.003122352
-0.015564697,-0.001950159
-0.001593134,-0.00244511
0.030478644,-0.003337837
-0.00086801,0.001706647
-0.001195375,-0.007113325
-0.01805625,0.013226972
-0.014503869,0.017308434
-0.001864107,0.001671959
0.007493634,-0.004439212
-0.007376719,-0.002308134
0.014178307,0.008381041
0.007263223,0.003057997
-0.006071117,-0.015500897
-0.025237478,0.003441973
-0.01120024,0.007124178
-0.009048329,0.002392621
0.001036801,-0.000470374
0.014758549,-0.001689331
-0.014557142,-0.004800878
0.005850952,-0.00510416
-0.004057844,-0.010093469
-0.01209347,0.005101317
0.017310634,-0.002047029
-0.002543976,0.001815813
-0.004008572,6.17E-05
0.007510695,-0.002634614
-0.011713869,-0.001072301
0.022583836,-0.003526682
-0.000767927,-0.010106002
0.006953998,1.05E-05
0.012767571,-0.003399295
0.003410085,-0.006168161
0.003988892,-0.005191743
-0.002032555,-0.003530368
-0.015684967,-0.00729038
-0.007667672,0.012398172
0.018741674,0.005739581
0.011811316,-0.006602977
-0.000711756,-0.002363185
-0.000181742,-0.001577753
0.010947708,-0.000394066
0.002491734,0.001091222
-0.013053569,-0.001488085
0.014536304,-0.000540886
0.010398056,0.004482304
0.014592385,-0.013892877
-0.010408593,0.003143126
-0.006159393,0.018573432
0.012790364,0.009283872
-0.011142573,-0.015059564
-0.00886901,0.002800402
0.002192856,-0.00828111
0.01138357,-0.005334134
-0.000280454,-0.006087504
0.002769338,-0.003250073
-0.013884689,0.004300436
-0.002771242,-0.001929885
-0.020244784,-0.008854732
-0.001574795,0.002428283
0.005315278,-0.003550485
-0.010593465,0.000222132
0.003068293,0.001233447
-0.00304062,-0.001329293
-0.004736464,-0.003597703
0.007553594,-0.010158497
0.016018749,-0.00058914
0.000686931,-0.007055939
-0.01544559,0.001297954
0.001413794,0.005470662
-0.018631858,-0.007171958
-0.014583969,0.01977391
-0.001510902,-0.000688165
0.016342388,0.03233975
-0.007005364,-0.016982508
0.017409576,0.020824078
-0.011080621,-0.011785189
0.00887887,0.003936426
0.012898648,-0.001530619
-0.016600249,-0.0101794
0.002980084,-0.001649188
0.005623963,-0.001370309
0.0016456,-0.007614076
-0.001575083,-0.005903271
0.014136871,-0.00544093
0.005698999,-0.00689392
0.014333328,-0.000247646
0.003692023,-0.002790015
-0.00581384,0.002680563
-0.002495482,0.001377293
0.003572773,0.010779539
0.000995807,-0.009554532
-4.14E-05,0.000463091
-0.004143456,0.000870397
0.01317551,-0.005732596
-0.002071518,-0.002001458
0.003300704,-0.00145059
0.000854855,0.002182924
-8.43E-05,0.000625884
-0.005970335,-0.000165659
0.000902781,-0.002363651
0.000851217,-4.27E-05
-0.015937184,-0.001776329
-0.003848584,0.004177086
0.019377193,0.006527876
0.008219331,-0.007409601
-0.000386181,-0.001838085
-0.011653907,-0.002989726
-0.007022908,0.002037157
-0.007244913,-0.001011368
0.018306166,-0.003163856
0.000452026,-0.007464362
-0.004589939,0.00119879
0.004473942,-0.002481251
-0.001698065,-0.011694846
-0.001584562,0.002135942
0.002953798,0.001225508
-0.006398108,-0.009315158
0.011820689,0.002703901
0.009400723,0.007208878
-0.001446914,0.006167798
0.000155023,0.001714483
-0.011285469,0.007511432
-0.007345513,0.004369685
0.008719456,-0.008852304
0.012964681,0.002601654
1.66E-05,-0.013964372
-0.006127358,0.003226877
0.009806215,0.001177376
0.014429812,-0.007820563
-0.002005591,0.0006612
0.00235113,-0.005972067
-0.003819294,-0.004492469
0.006169572,-0.000714865
0.001147401,0.0009739
0.009277975,-0.005848182
0.006908571,0.000768568
0.00081909,-0.002919655
0.01210458,-0.006192471
-0.003678376,-6.01E-05
-0.004746354,-0.003121085
-0.005259086,0.007622723
0.00370393,-0.005019639
-0.007688288,0.00306233
-0.004496934,-0.00133459
0.011390734,-0.001756934
-0.000354139,-0.00236891
0.004463568,0.000374664
0.01219435,0.00135722
0.001169993,0.000859527
-0.001970258,-0.00499528
-0.007954061,-0.001728413
-0.002869213,0.013174486
0.002402139,-0.004872646
0.006719584,-0.006027643
0.007383905,-0.000933251
0.008434483,-0.007809608
-0.001024932,-0.002951659
0.00384797,-0.006427187
0.007092067,-0.001494753
0.002355135,0.00229788
-0.006779827,-0.002407326
0.000324042,0.009174577
0.004026038,0.006406624
0.00281072,-0.008769242
-0.000155451,0.005961075
-0.006445393,-0.003803622
0.009829376,-0.000910176
0.001467635,-0.009914107
-0.002668645,0.003423174
-0.013936201,0.008058527
-0.002551225,0.007514265
-0.005314169,0.01849757
0.008983619,-0.013791225
-0.004227205,-0.000954744
-0.007063619,0.002440681
0.000250683,-0.002757716
-0.001070265,0.000492836
0.005734005,-0.004328006
-0.011618139,0.003014729
-0.007584082,0.004879174
-0.007742811,0.000899893
-0.000148718,-0.002699101
0.006855635,-0.004206975
-0.002781331,-0.000781455
0.010984331,-0.006270793
-0.013549354,-0.007561133
0.006695501,0.003065179
0.006245079,-0.006665458
0.014404069,0.004011354
0.003825854,4.17E-05
-0.001598213,-0.001763045
0.001797513,0.014284839
-0.004202998,0.0104091
-0.006996014,0.011951992
-0.003216433,0.011229533
0.001425606,-9.10E-05
0.006700951,-0.001945233
-0.005712169,-0.015053608
0.001240862,-0.003921262
0.008394586,-0.004821807
-0.012234146,-0.001416043
0.000721028,-0.003452623
-0.002153327,0.004056878
-0.009439204,-0.003033207
-0.016536918,0.001598494
-0.002298237,0.006934666
0.004014994,-0.002181226
-0.014844165,0.012199942
0.000229288,0.009196338
0.005875877,0.008057561
-0.00271326,-0.008403542
7.94E-05,-0.008217825
-0.013839396,0.015238018
0.008077048,0.019450042
-0.001304881,-0.001739471
0.011745642,0.016551421
0.006284068,-0.002746853
0.005194476,-0.001115439
0.00428382,-0.015143414
-0.006266025,-0.005415593
-0.005031496,0.007455393
0.010538642,0.004405787
-9.82E-05,-0.007953435
-0.013490408,0.005279575
-0.008519032,0.012882058
-0.012665149,0.004011608
-0.001686992,-0.00588345
0.007239524,-0.003787152
-0.014443435,0.006967066
-0.011903081,0.003735307
-0.004811839,-0.010487281
0.011938474,-0.001694746
0.006454085,-0.003174803
0.010451195,-7.76E-05
0.018682939,-0.015881763
0.009349884,-0.01333848
0.001751458,-0.003135544
0.002836093,0.003608922
0.001004411,-0.003719404
-0.008116691,0.00314329
0.015495759,0.01496069
-0.000836188,-0.007502166
0.01889537,-0.003193803
0.001595738,-0.015321181
0.001189719,-0.00209833
0.001281228,-0.004076814
0.007363104,-0.000355273
-0.002022976,-0.006346586
0.004052905,0.004598174
0.000596696,-0.000180325
-0.001956069,-0.00423561
0.000979639,0.002610884
-0.000946697,-0.0021937
0.003776931,0.009406029
0.005856559,0.005395429
-0.005423188,-0.01085153
-0.000569032,0.015318832
-0.003913852,-0.005503823
0.007936611,-0.004089333
0.004087134,0.010621043
0.003916814,-0.00717714
0.004588813,0.001313503
0.013558345,-0.003814959
0.002643565,-0.002401208
-7.63E-05,-0.00417271
0.004518122,0.001791307
0.005849267,-0.003402775
-0.014793148,-0.006013691
0.010248769,0.004291531
0.001658682,-0.005965291
0.004222761,-0.003297518
0.001429436,-9.43E-05
0.000370106,-0.003541132
-0.002830477,0.00222057
-0.005676661,0.000666908
-0.008048618,0.003348284
-0.003434272,-0.000426065
0.001824022,-0.000208671
0.014015945,-0.007533968
-0.001478994,-0.002802304
0.005649981,0.007867375
-0.000671281,0.000883773
0.000750694,-0.004728073
-0.003738319,-0.000992109
-0.005632731,0.018373522
0.008766721,-0.000308255
0.012238308,-0.001410933
0.002191921,-0.00439039
0.002917115,0.004759607
0.000811599,0.007619417
0.005246578,-0.004163345
-0.000651998,-0.002594651
0.007528366,-0.00121553
-0.00060083,0.002962733
-0.016236852,-0.003889807
0.012416286,0.003771834
0.010627771,-0.008751989
-0.003191425,0.004862389
0.002307746,-0.002427905
0.008207683,-0.004751465
0.000570421,0.001021368
0.005725917,0.00505017
-0.000949404,-0.003289995
-0.013768609,-0.000449252
0.009534168,0.00783486
0.005804373,-0.007399124
-0.004815044,-0.00205353
-0.006023426,-0.00035041
0.001263401,0.001501644
0.020902889,-0.001566254
0.000347887,0.004349086
-0.003793939,0.000385134
0.001704896,-0.001885059
-0.001659531,-0.000863284
0.00521547,0.001191065
0.007975936,-0.002181721
-0.001193975,-0.002389323
-0.010245406,-0.003197483
0.005127933,-0.001355687
0.010251402,-0.003804781
-0.006549923,-0.000183766
-0.001122868,-0.003628396
0.011139513,-0.000276771
-0.001926384,-0.000873615
-0.002875221,-0.006873377
-0.006504023,0.001949576
0.006298184,0.001109406
0.005633253,0.006584592
0.008864766,-0.001841177
0.003231309,-0.007900234
-0.001403172,0.003539575
-0.00305964,0.001881426
-0.002803722,-0.005241013
0.008593596,-0.002348226
0.001115863,-0.004876115
-0.002015615,0.000287029
-0.007265388,0.00321735
0.001090528,-0.003552666
-0.012411036,-0.00138463
0.01103805,0.002791514
-0.000374701,-0.007339917
0.001444449,-0.008404973
-0.009501982,0.004221096
0.007417222,0.004214251
-0.014657588,-0.001605885
-0.012094196,0.011198433
-0.002058625,0.005003428
-0.005797375,0.020099246
-0.002210602,-0.004533137
-0.00879713,0.006973615
0.008693351,0.000997358
0.011893567,0.002628242
0.000212987,-0.011018089
-0.004586934,0.007107825
0.010157381,0.007686219
0.003173408,-0.002197629
-0.015855551,-0.008923892
-0.003441353,0.008100341
0.009087025,-0.012988963
0.012478558,0.001953369
0.010273174,0.001093656
0.001342528,-0.005724157
-5.84E-06,0.001226465
0.005078033,0.000706654
0.00164804,-0.008102658
-0.000241333,-0.000733222
0.004826149,0.00095372
0.011647828,0.003625669
-0.002083837,-0.009730022
0.001164096,-0.00017393
0.00091597,-0.005523015
0.00249875,-0.00203565
-0.002709791,0.003258798
-0.007408162,0.003308314
0.006976649,0.004117096
0.000248771,-0.004073367
-0.007394317,0.007118933
-0.005992958,0.013975759
0.007995824,-0.000691331
0.00111546,-0.001955264
0.001501681,0.041988594
0.011778016,0.006278442
-0.000199837,-0.01746651
-0.001115842,0.021279623
0.00257753,0.024632123
0.002706715,0.013353788
0.00846772,0.000452698
0.002341911,0.009295482
-0.000393938,-0.018239238
0.007635164,0.0022033
0.002518154,0.003521228
-0.002529127,-0.00505897
-0.001563352,-0.004626635
-0.003069879,-0.011657852
0.003925874,-0.010260523
0.001571196,0.009240143
0.00090691,0.01041971
-0.004092013,0.00701153
0.002671991,-0.00896414
0.006176206,0.005519769
0.005071562,-0.00623732
0.005433974,-0.009457071
0.001016182,0.000435695
0.000740797,-0.006360163
0.010156315,-0.004363694
-0.00880165,-0.003291702
0.005501864,-0.004679498
0.002822216,-0.00307623
0.00636905,0.000963947
-0.014025442,-0.003697323
-0.007847112,0.003945673
-0.007165879,0.013358327
0.010734217,0.000674622
-0.001559318,-0.002229451
-0.023421242,0.012886153
-0.005155889,0.010796908
0.01102942,0.004324998
0.00081298,-0.000683531
-0.004972514,0.011524839
0.015669981,0.005985001
-0.013788124,-0.006031149
-0.018552907,0.015108438
-0.030427041,0.031451037
0.010300849,-0.017220495
-0.007764715,0.020050782
0.02278114,-0.012799804
0.004660798,-0.024844314
4.30E-05,-0.002021112
0.016707233,0.012544905
0.003816437,-0.003243478
0.01600449,-0.009858824
0.001987802,-0.009373137
0.009675327,-0.000554974
-0.001986527,0.002105037
0.004230715,0.018301256
-0.008972942,0.013962184
0.011417937,0.010992352
-0.00315871,-0.014363694
0.001593925,0.008409699
-0.005993901,0.020248301
-3.94E-05,-0.005396184
0.010042457,0.008597816
-0.021377963,0.000110872
-0.001603829,-0.002068969
-0.003022581,0.007716843
-0.017410945,-0.003382842
0.011513534,0.002954216
0.0044627,-0.002451827
0.010608556,0.009906841
0.007467352,-0.014717986
0.005393142,-0.013994318
0.001255841,-0.019062917
0.000264515,0.002784314
-0.002900659,-0.004700847
0.016834357,0.00666034
-0.001942914,0.002943622
0.002805334,0.003959043
0.002508031,0.002002443
-0.001862983,-0.005536623
0.004030542,0.016865278
-0.001254003,-0.001053761
0.004227604,0.000743083
-0.009367849,0.001684738
0.000138381,-0.001891619
-0.001682829,-0.011182018
0.008930256,-0.0037528
-0.009632264,-0.003046747
0.009642707,0.000673694
0.007088231,0.002884889
-0.002072269,0.006289141
0.006033609,-0.001493293
0.007678115,-0.007169266
-0.007638566,0.006528516
0.004668233,0.013760159
-0.000171175,0.010284525
0.003963687,-0.004123841
-0.001824433,0.002608025
-0.000474967,0.004631736
-0.009233824,-0.001233225
0.002143473,-0.005217124
-0.000299492,-0.000921185
0.002647935,0.006658346
0.001612826,0.004111068
-0.003305692,0.001249406
-0.018790135,0.005478237
0.004084158,-0.00563233
-0.002816045,0.001551353
0.012191031,0.000601415
0.024981281,0.001874371
0.007403754,0.001757378
0.003749794,-0.018690953
0.000968594,0.017231596
-0.002896851,0.009976118
0.000232201,0.011886123
-0.006068109,-0.003128899
-0.013291431,-0.003896758
0.00391016,-0.004041204
0.003955751,-0.00704382
2.20E-05,-0.005136981
0.005326252,0.008166569
0.00346196,0.006856944
0.003015928,-0.003104635
0.005705697,0.011220356
-0.003808481,0.003493859
0.00559212,-0.010528586
0.002445464,-0.002821947
0.000451347,0.001387248
0.006033182,-0.005060125
-0.001871526,0.000233414
0.002492345,-0.005769848
-0.006163167,-0.001035551
-0.002968284,0.003711276
0.008132626,-0.00421408
-0.005428731,-0.002312122
-2.65E-05,0.003815809
0.003792155,-0.004252483
-0.003871479,0.001411579
-0.029936505,0.001981283
-0.000865487,0.009911711
0.010810479,-0.001999618
0.00726085,-0.01339555
0.010982233,0.005262856
-0.000405741,-0.000627932
-0.011117305,0.002386465
-0.010759674,0.005349236
-0.004294006,0.015583555
